"","provincia","accidentes_victimas","accidentes_mortales","fallecidos","heridos_hospitalizados","heridos_no_hospitalizados","tipo_via","año"
"1","Araba/Álava",663,6,6,44,747,"Vias urbanas",2019
"2","Albacete",538,5,5,41,601,"Vias urbanas",2019
"3","Alicante/Alacant",1496,29,29,176,1683,"Vias urbanas",2019
"4","Almería",425,8,8,40,485,"Vias urbanas",2019
"5","Ávila",108,2,2,10,135,"Vias urbanas",2019
"6","Badajoz",488,8,9,34,617,"Vias urbanas",2019
"7","Balears (Illes)",2026,19,19,127,2297,"Vias urbanas",2019
"8","Barcelona",15425,76,76,631,18367,"Vias urbanas",2019
"9","Burgos",342,4,4,32,389,"Vias urbanas",2019
"10","Cáceres",208,2,2,19,233,"Vias urbanas",2019
"11","Cádiz",2036,14,14,135,2540,"Vias urbanas",2019
"12","Castellón/Castelló",364,6,6,46,404,"Vias urbanas",2019
"13","Ciudad Real",179,3,3,10,221,"Vias urbanas",2019
"14","Córdoba",607,13,13,61,726,"Vias urbanas",2019
"15","Coruña (A)",717,7,7,91,798,"Vias urbanas",2019
"16","Cuenca",62,2,2,16,58,"Vias urbanas",2019
"17","Girona",1285,12,12,103,1476,"Vias urbanas",2019
"18","Granada",897,7,7,62,1064,"Vias urbanas",2019
"19","Guadalajara",50,3,3,6,56,"Vias urbanas",2019
"20","Gipuzkoa",880,6,6,58,967,"Vias urbanas",2019
"21","Huelva",288,5,5,31,364,"Vias urbanas",2019
"22","Huesca",166,2,2,20,171,"Vias urbanas",2019
"23","Jaén",440,7,7,17,569,"Vias urbanas",2019
"24","León",289,9,9,40,312,"Vias urbanas",2019
"25","Lleida",472,9,9,51,523,"Vias urbanas",2019
"26","Rioja (La)",393,2,2,28,438,"Vias urbanas",2019
"27","Lugo",133,3,3,23,150,"Vias urbanas",2019
"28","Madrid",13412,62,63,674,15935,"Vias urbanas",2019
"29","Málaga",4079,17,17,167,5072,"Vias urbanas",2019
"30","Murcia",2091,19,19,167,2667,"Vias urbanas",2019
"31","Navarra",537,9,9,70,564,"Vias urbanas",2019
"32","Ourense",163,5,5,30,173,"Vias urbanas",2019
"33","Asturias",1059,9,9,78,1279,"Vias urbanas",2019
"34","Palencia",58,6,6,19,42,"Vias urbanas",2019
"35","Palmas (Las)",1335,11,11,48,1711,"Vias urbanas",2019
"36","Pontevedra",731,9,9,85,920,"Vias urbanas",2019
"37","Salamanca",122,0,0,11,132,"Vias urbanas",2019
"38","Santa Cruz de Tenerife",1191,14,14,148,1341,"Vias urbanas",2019
"39","Cantabria",302,4,5,21,365,"Vias urbanas",2019
"40","Segovia",108,3,3,14,107,"Vias urbanas",2019
"41","Sevilla",3437,19,19,169,4560,"Vias urbanas",2019
"42","Soria",29,2,2,11,26,"Vias urbanas",2019
"43","Tarragona",974,8,8,96,1089,"Vias urbanas",2019
"44","Teruel",19,0,0,4,20,"Vias urbanas",2019
"45","Toledo",177,7,7,18,194,"Vias urbanas",2019
"46","Valencia/València",2631,24,24,257,2855,"Vias urbanas",2019
"47","Valladolid",517,3,3,22,603,"Vias urbanas",2019
"48","Bizkaia",1049,9,9,74,1238,"Vias urbanas",2019
"49","Zamora",72,1,1,14,82,"Vias urbanas",2019
"50","Zaragoza",1015,4,4,132,1112,"Vias urbanas",2019
"51","Ceuta",280,2,2,12,401,"Vias urbanas",2019
"52","Melilla",376,0,0,17,459,"Vias urbanas",2019
"53","Araba/Álava",366,10,10,65,452,"Vias interurbanas",2019
"54","Albacete",164,22,23,62,185,"Vias interurbanas",2019
"55","Alicante/Alacant",1357,47,51,152,1836,"Vias interurbanas",2019
"56","Almería",667,26,27,69,1018,"Vias interurbanas",2019
"57","Ávila",228,8,9,26,266,"Vias interurbanas",2019
"58","Badajoz",393,25,25,66,522,"Vias interurbanas",2019
"59","Balears (Illes)",1330,27,30,160,1829,"Vias interurbanas",2019
"60","Barcelona",5166,88,95,376,7195,"Vias interurbanas",2019
"61","Burgos",296,10,10,51,385,"Vias interurbanas",2019
"62","Cáceres",323,14,14,50,432,"Vias interurbanas",2019
"63","Cádiz",729,21,22,91,1145,"Vias interurbanas",2019
"64","Castellón/Castelló",514,15,19,106,607,"Vias interurbanas",2019
"65","Ciudad Real",284,17,19,25,389,"Vias interurbanas",2019
"66","Córdoba",535,22,25,95,690,"Vias interurbanas",2019
"67","Coruña (A)",1099,42,46,179,1458,"Vias interurbanas",2019
"68","Cuenca",209,6,6,45,267,"Vias interurbanas",2019
"69","Girona",1235,26,30,133,1676,"Vias interurbanas",2019
"70","Granada",886,17,18,69,1293,"Vias interurbanas",2019
"71","Guadalajara",262,2,3,24,357,"Vias interurbanas",2019
"72","Gipuzkoa",919,17,17,115,1103,"Vias interurbanas",2019
"73","Huelva",464,15,17,50,680,"Vias interurbanas",2019
"74","Huesca",275,24,27,53,348,"Vias interurbanas",2019
"75","Jaén",395,16,17,39,575,"Vias interurbanas",2019
"76","León",456,23,26,65,647,"Vias interurbanas",2019
"77","Lleida",880,28,30,130,1234,"Vias interurbanas",2019
"78","Rioja (La)",201,14,16,31,258,"Vias interurbanas",2019
"79","Lugo",320,18,19,47,413,"Vias interurbanas",2019
"80","Madrid",3216,89,96,190,4333,"Vias interurbanas",2019
"81","Málaga",927,35,39,112,1411,"Vias interurbanas",2019
"82","Murcia",591,34,35,92,863,"Vias interurbanas",2019
"83","Navarra",252,20,22,52,297,"Vias interurbanas",2019
"84","Ourense",227,10,10,52,255,"Vias interurbanas",2019
"85","Asturias",922,21,22,114,1249,"Vias interurbanas",2019
"86","Palencia",105,6,6,41,118,"Vias interurbanas",2019
"87","Palmas (Las)",823,18,21,51,1287,"Vias interurbanas",2019
"88","Pontevedra",1137,26,28,127,1697,"Vias interurbanas",2019
"89","Salamanca",266,8,13,33,366,"Vias interurbanas",2019
"90","Santa Cruz de Tenerife",1051,27,28,191,1369,"Vias interurbanas",2019
"91","Cantabria",618,13,13,56,890,"Vias interurbanas",2019
"92","Segovia",217,5,6,18,302,"Vias interurbanas",2019
"93","Sevilla",1152,41,49,141,1731,"Vias interurbanas",2019
"94","Soria",94,6,6,20,116,"Vias interurbanas",2019
"95","Tarragona",1139,38,44,119,1483,"Vias interurbanas",2019
"96","Teruel",166,7,7,47,182,"Vias interurbanas",2019
"97","Toledo",600,20,22,71,844,"Vias interurbanas",2019
"98","Valencia/València",1773,47,48,166,2494,"Vias interurbanas",2019
"99","Valladolid",378,15,15,58,483,"Vias interurbanas",2019
"100","Bizkaia",975,17,17,73,1298,"Vias interurbanas",2019
"101","Zamora",134,11,15,30,179,"Vias interurbanas",2019
"102","Zaragoza",594,21,23,69,861,"Vias interurbanas",2019
"103","Ceuta",29,0,0,6,39,"Vias interurbanas",2019
"104","Melilla",0,0,0,0,0,"Vias interurbanas",2019
"105","Araba/Álava",664,3,3,39,743,"Vias urbanas",2018
"106","Albacete",549,1,1,43,637,"Vias urbanas",2018
"107","Alicante/Alacant",1626,16,16,197,1810,"Vias urbanas",2018
"108","Almería",492,7,7,32,626,"Vias urbanas",2018
"109","Ávila",112,1,1,7,132,"Vias urbanas",2018
"110","Badajoz",553,7,7,39,665,"Vias urbanas",2018
"111","Balears (Illes)",2059,11,11,135,2349,"Vias urbanas",2018
"112","Barcelona",15338,71,72,674,18355,"Vias urbanas",2018
"113","Burgos",466,6,6,39,544,"Vias urbanas",2018
"114","Cáceres",227,4,4,30,249,"Vias urbanas",2018
"115","Cádiz",1872,15,15,115,2464,"Vias urbanas",2018
"116","Castellón/Castelló",302,4,4,38,323,"Vias urbanas",2018
"117","Ciudad Real",191,2,2,11,243,"Vias urbanas",2018
"118","Córdoba",624,11,11,51,738,"Vias urbanas",2018
"119","Coruña (A)",749,12,12,107,819,"Vias urbanas",2018
"120","Cuenca",67,3,3,13,77,"Vias urbanas",2018
"121","Girona",1335,16,17,106,1550,"Vias urbanas",2018
"122","Granada",827,10,10,51,988,"Vias urbanas",2018
"123","Guadalajara",69,1,1,8,73,"Vias urbanas",2018
"124","Gipuzkoa",900,3,3,60,978,"Vias urbanas",2018
"125","Huelva",293,3,3,63,337,"Vias urbanas",2018
"126","Huesca",127,2,2,9,145,"Vias urbanas",2018
"127","Jaén",447,7,7,36,577,"Vias urbanas",2018
"128","León",347,9,9,59,360,"Vias urbanas",2018
"129","Lleida",483,4,4,43,556,"Vias urbanas",2018
"130","Rioja (La)",407,4,4,40,502,"Vias urbanas",2018
"131","Lugo",196,4,4,28,229,"Vias urbanas",2018
"132","Madrid",13353,61,63,997,15529,"Vias urbanas",2018
"133","Málaga",3433,17,17,130,4275,"Vias urbanas",2018
"134","Murcia",1962,20,20,172,2395,"Vias urbanas",2018
"135","Navarra",554,6,6,57,617,"Vias urbanas",2018
"136","Ourense",156,4,4,41,153,"Vias urbanas",2018
"137","Asturias",1131,7,7,78,1384,"Vias urbanas",2018
"138","Palencia",60,2,2,11,64,"Vias urbanas",2018
"139","Palmas (Las)",485,13,13,25,620,"Vias urbanas",2018
"140","Pontevedra",419,9,9,50,489,"Vias urbanas",2018
"141","Salamanca",194,3,3,13,214,"Vias urbanas",2018
"142","Santa Cruz de Tenerife",1036,10,10,107,1189,"Vias urbanas",2018
"143","Cantabria",104,5,6,18,111,"Vias urbanas",2018
"144","Segovia",103,0,0,11,121,"Vias urbanas",2018
"145","Sevilla",3298,17,17,139,4414,"Vias urbanas",2018
"146","Soria",41,1,1,12,47,"Vias urbanas",2018
"147","Tarragona",896,12,12,106,1036,"Vias urbanas",2018
"148","Teruel",24,0,0,8,18,"Vias urbanas",2018
"149","Toledo",105,3,3,20,115,"Vias urbanas",2018
"150","Valencia/València",2500,20,20,126,2888,"Vias urbanas",2018
"151","Valladolid",543,9,9,33,610,"Vias urbanas",2018
"152","Bizkaia",932,7,7,80,1115,"Vias urbanas",2018
"153","Zamora",90,3,3,14,87,"Vias urbanas",2018
"154","Zaragoza",951,12,12,138,1040,"Vias urbanas",2018
"155","Ceuta",365,3,3,10,506,"Vias urbanas",2018
"156","Melilla",350,3,3,15,444,"Vias urbanas",2018
"157","Araba/Álava",380,11,12,67,477,"Vias interurbanas",2018
"158","Albacete",159,10,10,47,209,"Vias interurbanas",2018
"159","Alicante/Alacant",1395,41,44,152,1908,"Vias interurbanas",2018
"160","Almería",702,20,20,79,1154,"Vias interurbanas",2018
"161","Ávila",270,14,15,45,344,"Vias interurbanas",2018
"162","Badajoz",398,24,25,78,590,"Vias interurbanas",2018
"163","Balears (Illes)",1391,40,42,175,1983,"Vias interurbanas",2018
"164","Barcelona",5524,79,91,375,7767,"Vias interurbanas",2018
"165","Burgos",283,23,26,70,409,"Vias interurbanas",2018
"166","Cáceres",277,14,15,40,377,"Vias interurbanas",2018
"167","Cádiz",684,21,21,91,1012,"Vias interurbanas",2018
"168","Castellón/Castelló",583,30,31,91,726,"Vias interurbanas",2018
"169","Ciudad Real",309,21,23,35,445,"Vias interurbanas",2018
"170","Córdoba",453,19,23,71,682,"Vias interurbanas",2018
"171","Coruña (A)",1003,49,52,168,1294,"Vias interurbanas",2018
"172","Cuenca",183,15,17,52,230,"Vias interurbanas",2018
"173","Girona",1215,33,38,158,1653,"Vias interurbanas",2018
"174","Granada",865,20,21,86,1264,"Vias interurbanas",2018
"175","Guadalajara",258,7,9,21,370,"Vias interurbanas",2018
"176","Gipuzkoa",884,9,10,111,1057,"Vias interurbanas",2018
"177","Huelva",425,11,15,65,673,"Vias interurbanas",2018
"178","Huesca",253,22,25,60,317,"Vias interurbanas",2018
"179","Jaén",408,19,24,56,635,"Vias interurbanas",2018
"180","León",472,24,26,74,645,"Vias interurbanas",2018
"181","Lleida",948,33,39,137,1308,"Vias interurbanas",2018
"182","Rioja (La)",195,6,6,28,249,"Vias interurbanas",2018
"183","Lugo",336,21,22,57,468,"Vias interurbanas",2018
"184","Madrid",3261,49,51,188,4571,"Vias interurbanas",2018
"185","Málaga",832,21,22,94,1298,"Vias interurbanas",2018
"186","Murcia",556,42,46,113,776,"Vias interurbanas",2018
"187","Navarra",271,24,29,62,331,"Vias interurbanas",2018
"188","Ourense",246,15,15,62,313,"Vias interurbanas",2018
"189","Asturias",937,28,36,126,1285,"Vias interurbanas",2018
"190","Palencia",125,8,9,39,149,"Vias interurbanas",2018
"191","Palmas (Las)",787,26,26,70,1205,"Vias interurbanas",2018
"192","Pontevedra",1275,25,26,109,1880,"Vias interurbanas",2018
"193","Salamanca",306,10,11,38,404,"Vias interurbanas",2018
"194","Santa Cruz de Tenerife",1131,18,19,199,1545,"Vias interurbanas",2018
"195","Cantabria",524,14,17,44,798,"Vias interurbanas",2018
"196","Segovia",254,10,12,29,361,"Vias interurbanas",2018
"197","Sevilla",1156,37,41,125,1779,"Vias interurbanas",2018
"198","Soria",103,10,14,20,114,"Vias interurbanas",2018
"199","Tarragona",1168,47,53,95,1507,"Vias interurbanas",2018
"200","Teruel",161,9,10,51,166,"Vias interurbanas",2018
"201","Toledo",604,29,31,89,911,"Vias interurbanas",2018
"202","Valencia/València",1780,63,68,179,2522,"Vias interurbanas",2018
"203","Valladolid",344,14,14,53,485,"Vias interurbanas",2018
"204","Bizkaia",992,13,14,71,1353,"Vias interurbanas",2018
"205","Zamora",151,14,15,36,176,"Vias interurbanas",2018
"206","Zaragoza",634,33,36,64,899,"Vias interurbanas",2018
"207","Ceuta",41,0,0,6,50,"Vias interurbanas",2018
"208","Melilla",0,0,0,0,0,"Vias interurbanas",2018
"209","Araba/Álava",726,2,2,48,833,"Vias urbanas",2017
"210","Albacete",546,2,2,50,637,"Vias urbanas",2017
"211","Alicante/Alacant",1669,25,25,158,1942,"Vias urbanas",2017
"212","Almería",594,5,5,56,769,"Vias urbanas",2017
"213","Ávila",154,0,0,9,183,"Vias urbanas",2017
"214","Badajoz",650,8,8,56,790,"Vias urbanas",2017
"215","Balears (Illes)",2239,17,17,145,2580,"Vias urbanas",2017
"216","Barcelona",15364,62,63,645,18484,"Vias urbanas",2017
"217","Burgos",490,6,6,56,526,"Vias urbanas",2017
"218","Cáceres",187,1,1,11,242,"Vias urbanas",2017
"219","Cádiz",2197,11,11,133,2877,"Vias urbanas",2017
"220","Castellón/Castelló",295,15,15,35,312,"Vias urbanas",2017
"221","Ciudad Real",260,3,4,25,317,"Vias urbanas",2017
"222","Córdoba",729,9,9,60,879,"Vias urbanas",2017
"223","Coruña (A)",821,14,14,114,983,"Vias urbanas",2017
"224","Cuenca",90,2,2,12,104,"Vias urbanas",2017
"225","Girona",1421,13,13,114,1656,"Vias urbanas",2017
"226","Granada",1038,7,7,76,1215,"Vias urbanas",2017
"227","Guadalajara",67,1,1,10,79,"Vias urbanas",2017
"228","Gipuzkoa",944,8,8,65,1047,"Vias urbanas",2017
"229","Huelva",312,6,6,53,366,"Vias urbanas",2017
"230","Huesca",180,2,2,24,182,"Vias urbanas",2017
"231","Jaén",530,4,4,36,711,"Vias urbanas",2017
"232","León",359,7,7,74,371,"Vias urbanas",2017
"233","Lleida",449,2,2,62,522,"Vias urbanas",2017
"234","Rioja (La)",449,3,3,43,499,"Vias urbanas",2017
"235","Lugo",216,4,4,37,273,"Vias urbanas",2017
"236","Madrid",13011,49,49,1094,15105,"Vias urbanas",2017
"237","Málaga",1256,25,26,99,1474,"Vias urbanas",2017
"238","Murcia",1990,32,34,138,2517,"Vias urbanas",2017
"239","Navarra",594,12,12,60,672,"Vias urbanas",2017
"240","Ourense",216,4,4,44,231,"Vias urbanas",2017
"241","Asturias",1280,8,8,73,1576,"Vias urbanas",2017
"242","Palencia",95,0,0,11,108,"Vias urbanas",2017
"243","Palmas (Las)",519,6,6,30,675,"Vias urbanas",2017
"244","Pontevedra",517,10,10,45,647,"Vias urbanas",2017
"245","Salamanca",253,2,2,29,305,"Vias urbanas",2017
"246","Santa Cruz de Tenerife",1106,11,12,122,1267,"Vias urbanas",2017
"247","Cantabria",121,8,8,12,139,"Vias urbanas",2017
"248","Segovia",90,1,1,15,113,"Vias urbanas",2017
"249","Sevilla",3497,19,19,142,4671,"Vias urbanas",2017
"250","Soria",30,2,2,9,24,"Vias urbanas",2017
"251","Tarragona",863,12,16,97,973,"Vias urbanas",2017
"252","Teruel",28,4,4,5,20,"Vias urbanas",2017
"253","Toledo",197,2,2,16,233,"Vias urbanas",2017
"254","Valencia/València",2610,23,23,246,2858,"Vias urbanas",2017
"255","Valladolid",570,9,9,43,682,"Vias urbanas",2017
"256","Bizkaia",1041,7,7,60,1282,"Vias urbanas",2017
"257","Zamora",71,1,1,7,71,"Vias urbanas",2017
"258","Zaragoza",977,10,10,142,1105,"Vias urbanas",2017
"259","Ceuta",366,1,1,20,543,"Vias urbanas",2017
"260","Melilla",466,2,2,14,606,"Vias urbanas",2017
"261","Araba/Álava",272,8,9,70,352,"Vias interurbanas",2017
"262","Albacete",165,12,14,49,207,"Vias interurbanas",2017
"263","Alicante/Alacant",1285,38,39,139,1860,"Vias interurbanas",2017
"264","Almería",596,17,17,81,976,"Vias interurbanas",2017
"265","Ávila",231,11,11,30,297,"Vias interurbanas",2017
"266","Badajoz",363,26,28,83,493,"Vias interurbanas",2017
"267","Balears (Illes)",1544,46,51,244,2048,"Vias interurbanas",2017
"268","Barcelona",5622,72,82,391,8065,"Vias interurbanas",2017
"269","Burgos",317,21,25,64,407,"Vias interurbanas",2017
"270","Cáceres",291,20,25,45,417,"Vias interurbanas",2017
"271","Cádiz",672,21,23,91,1072,"Vias interurbanas",2017
"272","Castellón/Castelló",514,21,24,83,659,"Vias interurbanas",2017
"273","Ciudad Real",303,25,29,38,400,"Vias interurbanas",2017
"274","Córdoba",441,24,28,55,610,"Vias interurbanas",2017
"275","Coruña (A)",1055,33,37,198,1354,"Vias interurbanas",2017
"276","Cuenca",192,14,16,52,228,"Vias interurbanas",2017
"277","Girona",1255,28,34,111,1731,"Vias interurbanas",2017
"278","Granada",801,21,26,93,1219,"Vias interurbanas",2017
"279","Guadalajara",190,11,11,32,252,"Vias interurbanas",2017
"280","Gipuzkoa",779,15,19,121,934,"Vias interurbanas",2017
"281","Huelva",451,15,16,63,752,"Vias interurbanas",2017
"282","Huesca",318,21,23,84,391,"Vias interurbanas",2017
"283","Jaén",398,30,31,45,559,"Vias interurbanas",2017
"284","León",500,15,15,93,654,"Vias interurbanas",2017
"285","Lleida",942,36,38,139,1272,"Vias interurbanas",2017
"286","Rioja (La)",260,18,23,34,341,"Vias interurbanas",2017
"287","Lugo",331,18,18,70,400,"Vias interurbanas",2017
"288","Madrid",3237,67,76,210,4531,"Vias interurbanas",2017
"289","Málaga",779,39,41,123,1142,"Vias interurbanas",2017
"290","Murcia",490,40,51,95,703,"Vias interurbanas",2017
"291","Navarra",278,14,17,64,360,"Vias interurbanas",2017
"292","Ourense",230,9,9,47,277,"Vias interurbanas",2017
"293","Asturias",1032,28,29,146,1402,"Vias interurbanas",2017
"294","Palencia",144,10,13,26,189,"Vias interurbanas",2017
"295","Palmas (Las)",783,23,24,85,1211,"Vias interurbanas",2017
"296","Pontevedra",1243,20,21,136,1860,"Vias interurbanas",2017
"297","Salamanca",247,13,13,32,306,"Vias interurbanas",2017
"298","Santa Cruz de Tenerife",1110,22,25,176,1567,"Vias interurbanas",2017
"299","Cantabria",593,12,14,56,810,"Vias interurbanas",2017
"300","Segovia",205,9,9,26,253,"Vias interurbanas",2017
"301","Sevilla",1095,32,36,166,1639,"Vias interurbanas",2017
"302","Soria",83,8,9,16,90,"Vias interurbanas",2017
"303","Tarragona",1136,28,35,119,1503,"Vias interurbanas",2017
"304","Teruel",186,14,14,59,203,"Vias interurbanas",2017
"305","Toledo",639,40,48,91,951,"Vias interurbanas",2017
"306","Valencia/València",1668,43,50,203,2387,"Vias interurbanas",2017
"307","Valladolid",362,16,18,73,472,"Vias interurbanas",2017
"308","Bizkaia",961,6,6,88,1313,"Vias interurbanas",2017
"309","Zamora",144,16,23,45,168,"Vias interurbanas",2017
"310","Zaragoza",717,26,27,84,990,"Vias interurbanas",2017
"311","Ceuta",43,1,1,2,63,"Vias interurbanas",2017
"312","Melilla",0,0,0,0,0,"Vias interurbanas",2017
"313","Araba/Álava",713,3,3,21,814,"Vias urbanas",2016
"314","Albacete",519,3,3,45,611,"Vias urbanas",2016
"315","Alicante/Alacant",1762,22,22,172,2036,"Vias urbanas",2016
"316","Almería",181,9,10,24,206,"Vias urbanas",2016
"317","Ávila",186,0,0,15,226,"Vias urbanas",2016
"318","Badajoz",541,9,9,55,661,"Vias urbanas",2016
"319","Balears (Illes)",2438,10,10,139,2893,"Vias urbanas",2016
"320","Barcelona",15425,73,74,651,18731,"Vias urbanas",2016
"321","Burgos",512,8,8,43,616,"Vias urbanas",2016
"322","Cáceres",148,5,5,14,176,"Vias urbanas",2016
"323","Cádiz",2153,17,18,132,2949,"Vias urbanas",2016
"324","Castellón/Castelló",340,10,10,47,370,"Vias urbanas",2016
"325","Ciudad Real",374,3,3,24,481,"Vias urbanas",2016
"326","Córdoba",909,4,4,83,1108,"Vias urbanas",2016
"327","Coruña (A)",906,13,13,95,1063,"Vias urbanas",2016
"328","Cuenca",78,2,2,11,90,"Vias urbanas",2016
"329","Girona",1411,15,15,108,1638,"Vias urbanas",2016
"330","Granada",1073,3,3,86,1308,"Vias urbanas",2016
"331","Guadalajara",69,2,2,7,95,"Vias urbanas",2016
"332","Gipuzkoa",992,4,4,69,1083,"Vias urbanas",2016
"333","Huelva",206,4,4,41,247,"Vias urbanas",2016
"334","Huesca",178,5,6,27,187,"Vias urbanas",2016
"335","Jaén",520,9,10,37,683,"Vias urbanas",2016
"336","León",410,12,13,85,424,"Vias urbanas",2016
"337","Lleida",449,4,4,59,515,"Vias urbanas",2016
"338","Rioja (La)",449,4,4,35,517,"Vias urbanas",2016
"339","Lugo",256,3,3,26,335,"Vias urbanas",2016
"340","Madrid",13004,58,60,1052,15037,"Vias urbanas",2016
"341","Málaga",1353,21,21,110,1676,"Vias urbanas",2016
"342","Murcia",1929,18,19,140,2456,"Vias urbanas",2016
"343","Navarra",480,7,7,67,508,"Vias urbanas",2016
"344","Ourense",190,3,3,27,218,"Vias urbanas",2016
"345","Asturias",1327,9,9,101,1677,"Vias urbanas",2016
"346","Palencia",107,2,2,14,108,"Vias urbanas",2016
"347","Palmas (Las)",633,12,13,39,827,"Vias urbanas",2016
"348","Pontevedra",563,6,6,80,653,"Vias urbanas",2016
"349","Salamanca",389,3,3,35,452,"Vias urbanas",2016
"350","Santa Cruz de Tenerife",1132,13,13,94,1392,"Vias urbanas",2016
"351","Cantabria",164,8,11,9,206,"Vias urbanas",2016
"352","Segovia",105,1,1,9,119,"Vias urbanas",2016
"353","Sevilla",3863,27,27,165,5266,"Vias urbanas",2016
"354","Soria",41,1,1,10,39,"Vias urbanas",2016
"355","Tarragona",933,7,7,108,1047,"Vias urbanas",2016
"356","Teruel",36,0,0,9,39,"Vias urbanas",2016
"357","Toledo",266,6,6,27,340,"Vias urbanas",2016
"358","Valencia/València",2643,17,17,198,3021,"Vias urbanas",2016
"359","Valladolid",580,10,10,46,681,"Vias urbanas",2016
"360","Bizkaia",954,9,9,64,1213,"Vias urbanas",2016
"361","Zamora",12,3,3,2,10,"Vias urbanas",2016
"362","Zaragoza",921,6,6,123,1055,"Vias urbanas",2016
"363","Ceuta",256,2,2,11,359,"Vias urbanas",2016
"364","Melilla",562,1,1,14,794,"Vias urbanas",2016
"365","Araba/Álava",293,8,10,42,394,"Vias interurbanas",2016
"366","Albacete",171,21,21,50,222,"Vias interurbanas",2016
"367","Alicante/Alacant",1266,41,46,119,1813,"Vias interurbanas",2016
"368","Almería",532,27,30,84,821,"Vias interurbanas",2016
"369","Ávila",256,10,12,45,342,"Vias interurbanas",2016
"370","Badajoz",348,28,29,84,461,"Vias interurbanas",2016
"371","Balears (Illes)",1383,41,50,205,2039,"Vias interurbanas",2016
"372","Barcelona",5485,52,57,451,7792,"Vias interurbanas",2016
"373","Burgos",333,21,28,106,434,"Vias interurbanas",2016
"374","Cáceres",271,16,19,41,361,"Vias interurbanas",2016
"375","Cádiz",604,22,23,79,993,"Vias interurbanas",2016
"376","Castellón/Castelló",446,32,33,94,598,"Vias interurbanas",2016
"377","Ciudad Real",301,23,27,53,438,"Vias interurbanas",2016
"378","Córdoba",450,17,18,68,680,"Vias interurbanas",2016
"379","Coruña (A)",1072,45,45,209,1369,"Vias interurbanas",2016
"380","Cuenca",216,11,13,63,280,"Vias interurbanas",2016
"381","Girona",1290,31,40,165,1747,"Vias interurbanas",2016
"382","Granada",858,21,24,110,1283,"Vias interurbanas",2016
"383","Guadalajara",185,5,5,33,245,"Vias interurbanas",2016
"384","Gipuzkoa",946,12,13,134,1149,"Vias interurbanas",2016
"385","Huelva",438,15,15,51,648,"Vias interurbanas",2016
"386","Huesca",285,14,15,77,334,"Vias interurbanas",2016
"387","Jaén",405,20,21,77,572,"Vias interurbanas",2016
"388","León",489,11,12,104,646,"Vias interurbanas",2016
"389","Lleida",867,33,33,129,1171,"Vias interurbanas",2016
"390","Rioja (La)",263,17,21,25,381,"Vias interurbanas",2016
"391","Lugo",355,27,29,88,443,"Vias interurbanas",2016
"392","Madrid",3154,54,61,202,4368,"Vias interurbanas",2016
"393","Málaga",862,34,36,142,1264,"Vias interurbanas",2016
"394","Murcia",375,32,39,101,525,"Vias interurbanas",2016
"395","Navarra",251,18,19,69,300,"Vias interurbanas",2016
"396","Ourense",232,11,12,59,284,"Vias interurbanas",2016
"397","Asturias",897,25,26,131,1247,"Vias interurbanas",2016
"398","Palencia",143,9,11,36,189,"Vias interurbanas",2016
"399","Palmas (Las)",681,25,27,91,981,"Vias interurbanas",2016
"400","Pontevedra",1163,29,30,180,1719,"Vias interurbanas",2016
"401","Salamanca",273,7,7,39,377,"Vias interurbanas",2016
"402","Santa Cruz de Tenerife",1125,18,18,167,1593,"Vias interurbanas",2016
"403","Cantabria",546,10,10,58,795,"Vias interurbanas",2016
"404","Segovia",207,14,15,29,287,"Vias interurbanas",2016
"405","Sevilla",1170,32,39,164,1831,"Vias interurbanas",2016
"406","Soria",102,15,18,31,127,"Vias interurbanas",2016
"407","Tarragona",1133,36,52,129,1558,"Vias interurbanas",2016
"408","Teruel",146,8,9,52,169,"Vias interurbanas",2016
"409","Toledo",640,33,36,112,871,"Vias interurbanas",2016
"410","Valencia/València",1759,50,52,235,2401,"Vias interurbanas",2016
"411","Valladolid",324,12,14,46,468,"Vias interurbanas",2016
"412","Bizkaia",969,17,17,59,1327,"Vias interurbanas",2016
"413","Zamora",112,15,17,41,151,"Vias interurbanas",2016
"414","Zaragoza",608,32,37,86,833,"Vias interurbanas",2016
"415","Ceuta",41,0,0,5,58,"Vias interurbanas",2016
"416","Melilla",0,0,0,0,0,"Vias interurbanas",2016
"417","Araba/Álava",667,3,3,36,741,"Vias urbanas",2015
"418","Albacete",449,6,6,31,526,"Vias urbanas",2015
"419","Alicante/Alacant",1481,26,26,189,1660,"Vias urbanas",2015
"420","Almería",219,5,5,38,258,"Vias urbanas",2015
"421","Ávila",177,0,0,17,228,"Vias urbanas",2015
"422","Badajoz",478,6,6,36,644,"Vias urbanas",2015
"423","Balears (Illes)",2189,11,11,143,2627,"Vias urbanas",2015
"424","Barcelona",14657,66,68,720,17864,"Vias urbanas",2015
"425","Burgos",479,4,4,46,562,"Vias urbanas",2015
"426","Cáceres",209,2,2,12,262,"Vias urbanas",2015
"427","Cádiz",2458,12,13,148,3411,"Vias urbanas",2015
"428","Castellón/Castelló",302,6,6,28,344,"Vias urbanas",2015
"429","Ciudad Real",347,3,3,15,439,"Vias urbanas",2015
"430","Córdoba",1009,5,5,65,1238,"Vias urbanas",2015
"431","Coruña (A)",543,7,7,74,619,"Vias urbanas",2015
"432","Cuenca",85,1,1,18,99,"Vias urbanas",2015
"433","Girona",1259,10,10,121,1451,"Vias urbanas",2015
"434","Granada",523,11,11,42,638,"Vias urbanas",2015
"435","Guadalajara",65,0,0,10,65,"Vias urbanas",2015
"436","Gipuzkoa",912,8,8,56,1015,"Vias urbanas",2015
"437","Huelva",243,4,4,21,304,"Vias urbanas",2015
"438","Huesca",181,1,1,29,195,"Vias urbanas",2015
"439","Jaén",628,5,5,30,850,"Vias urbanas",2015
"440","León",388,7,7,62,435,"Vias urbanas",2015
"441","Lleida",424,7,8,48,489,"Vias urbanas",2015
"442","Rioja (La)",467,6,6,48,538,"Vias urbanas",2015
"443","Lugo",229,2,3,43,275,"Vias urbanas",2015
"444","Madrid",12632,44,45,1141,14876,"Vias urbanas",2015
"445","Málaga",1648,19,19,148,1996,"Vias urbanas",2015
"446","Murcia",1350,10,10,135,1674,"Vias urbanas",2015
"447","Navarra",215,6,6,54,197,"Vias urbanas",2015
"448","Ourense",199,2,2,33,218,"Vias urbanas",2015
"449","Asturias",1413,11,13,115,1818,"Vias urbanas",2015
"450","Palencia",115,0,0,12,129,"Vias urbanas",2015
"451","Palmas (Las)",827,6,6,65,1040,"Vias urbanas",2015
"452","Pontevedra",903,8,9,96,1171,"Vias urbanas",2015
"453","Salamanca",377,2,2,34,413,"Vias urbanas",2015
"454","Santa Cruz de Tenerife",825,13,13,58,976,"Vias urbanas",2015
"455","Cantabria",110,3,3,3,153,"Vias urbanas",2015
"456","Segovia",119,3,3,9,129,"Vias urbanas",2015
"457","Sevilla",4200,15,17,81,5861,"Vias urbanas",2015
"458","Soria",26,2,2,12,15,"Vias urbanas",2015
"459","Tarragona",939,14,16,106,1091,"Vias urbanas",2015
"460","Teruel",29,3,3,8,28,"Vias urbanas",2015
"461","Toledo",302,7,7,23,367,"Vias urbanas",2015
"462","Valencia/València",2652,17,17,239,2895,"Vias urbanas",2015
"463","Valladolid",463,2,2,46,558,"Vias urbanas",2015
"464","Bizkaia",949,5,5,49,1256,"Vias urbanas",2015
"465","Zamora",7,1,1,0,12,"Vias urbanas",2015
"466","Zaragoza",953,6,6,131,1075,"Vias urbanas",2015
"467","Ceuta",284,3,3,8,400,"Vias urbanas",2015
"468","Melilla",593,2,2,19,799,"Vias urbanas",2015
"469","Araba/Álava",245,7,7,48,315,"Vias interurbanas",2015
"470","Albacete",156,14,16,52,206,"Vias interurbanas",2015
"471","Alicante/Alacant",1227,34,36,98,1820,"Vias interurbanas",2015
"472","Almería",514,18,21,73,800,"Vias interurbanas",2015
"473","Ávila",280,12,16,49,350,"Vias interurbanas",2015
"474","Badajoz",402,28,31,69,543,"Vias interurbanas",2015
"475","Balears (Illes)",1271,42,42,246,1708,"Vias interurbanas",2015
"476","Barcelona",4968,57,60,425,6964,"Vias interurbanas",2015
"477","Burgos",309,22,28,94,410,"Vias interurbanas",2015
"478","Cáceres",309,12,15,38,426,"Vias interurbanas",2015
"479","Cádiz",622,18,19,81,1033,"Vias interurbanas",2015
"480","Castellón/Castelló",406,17,22,69,487,"Vias interurbanas",2015
"481","Ciudad Real",293,22,24,46,425,"Vias interurbanas",2015
"482","Córdoba",482,21,21,53,687,"Vias interurbanas",2015
"483","Coruña (A)",900,38,40,160,1152,"Vias interurbanas",2015
"484","Cuenca",231,15,15,39,316,"Vias interurbanas",2015
"485","Girona",1150,30,31,157,1546,"Vias interurbanas",2015
"486","Granada",728,31,32,130,1021,"Vias interurbanas",2015
"487","Guadalajara",153,9,11,38,190,"Vias interurbanas",2015
"488","Gipuzkoa",842,26,30,143,957,"Vias interurbanas",2015
"489","Huelva",478,17,19,59,750,"Vias interurbanas",2015
"490","Huesca",301,15,16,82,347,"Vias interurbanas",2015
"491","Jaén",395,16,18,62,599,"Vias interurbanas",2015
"492","León",422,31,32,108,590,"Vias interurbanas",2015
"493","Lleida",827,39,43,161,1038,"Vias interurbanas",2015
"494","Rioja (La)",240,10,14,23,348,"Vias interurbanas",2015
"495","Lugo",320,19,19,98,378,"Vias interurbanas",2015
"496","Madrid",2790,57,66,173,3813,"Vias interurbanas",2015
"497","Málaga",866,26,27,89,1310,"Vias interurbanas",2015
"498","Murcia",405,31,34,84,624,"Vias interurbanas",2015
"499","Navarra",235,19,20,58,277,"Vias interurbanas",2015
"500","Ourense",204,9,9,50,249,"Vias interurbanas",2015
"501","Asturias",961,23,23,115,1377,"Vias interurbanas",2015
"502","Palencia",149,6,6,37,207,"Vias interurbanas",2015
"503","Palmas (Las)",645,16,16,80,931,"Vias interurbanas",2015
"504","Pontevedra",1165,33,34,179,1731,"Vias interurbanas",2015
"505","Salamanca",266,12,15,54,339,"Vias interurbanas",2015
"506","Santa Cruz de Tenerife",972,26,27,144,1375,"Vias interurbanas",2015
"507","Cantabria",593,17,19,54,833,"Vias interurbanas",2015
"508","Segovia",205,11,13,37,289,"Vias interurbanas",2015
"509","Sevilla",1171,24,26,161,1860,"Vias interurbanas",2015
"510","Soria",95,6,8,19,116,"Vias interurbanas",2015
"511","Tarragona",1062,45,55,138,1356,"Vias interurbanas",2015
"512","Teruel",119,11,13,37,116,"Vias interurbanas",2015
"513","Toledo",547,22,24,105,766,"Vias interurbanas",2015
"514","Valencia/València",1575,44,47,163,2221,"Vias interurbanas",2015
"515","Valladolid",373,17,22,58,563,"Vias interurbanas",2015
"516","Bizkaia",935,14,14,59,1307,"Vias interurbanas",2015
"517","Zamora",101,14,20,44,109,"Vias interurbanas",2015
"518","Zaragoza",617,28,32,98,816,"Vias interurbanas",2015
"519","Ceuta",35,0,0,7,44,"Vias interurbanas",2015
"520","Melilla",1,0,0,0,1,"Vias interurbanas",2015
